QuestionID,RNLIWOD,RelMatch,AnnotationofSpotProperty,RelationMatcher,ReMatch
10000,1,0,1,0,0
10001,1,,,1,0.3333333
10002,1,1,1,0,0.04
10003,1,1,1,0,1
10004,,1,0,0.3333333,0
10005,1,1,1,0,1
10006,,,,0,0
10007,,,,0,0
10008,1,0,0,0,0.07692308
10009,,,,0,0
10010,1,,,1,0.25
10011,1,1,1,0,1
10013,,0,1,0,0
10014,1,,0,0,0.04761905
10015,1,,,0,0
10016,,,,0.2,0
10017,,0,,0,0
10018,1,,1,0,0.5
10019,,,,0,0
10020,0,,,0,0
10021,0,,,0,1
10022,1,0,,0,0.04
10024,,0,0,0,0.1
10025,1,0,1,0,0.25
10026,0,,,0,0
10028,0.5,0,1,0,0.04761905
10029,0.5,0,0,0,1
10030,0,1,0,0,1
10031,0,,0,0,0.07142857
10032,,,,0,0.1428571
10033,0,0,0,0,0
10034,,,,0,0
10035,0,0,0,0,0.09090909
10036,0.5,0,0,0,0.09090909
10038,0,,,0,0.08333334
10039,,,,0,0
10040,0.5,0,0.5,0,0.0625
10041,1,,1,0,1
10042,1,,,1,0.09090909
10043,0,0,0,0.5,0
10045,0.3333333333,,,0,0
10046,0,,,0,1
10047,,,1,1,0.25
10048,,,,0,0
10049,,,,0,0.5
10050,0,0,0,0,0
10051,0.5,0,0.5,1,0
10052,,0,,0,0
10053,,,,0,0
10055,1,,1,0,0.07142857
10057,1,0,1,0,0
10060,1,1,1,0,0.1666667
10061,1,,0,0,0.09090909
10062,,,,0,0
10063,1,,1,0,1
10064,0,0,0,0,0
10065,0,,,0,1
10066,,,,0,0
10068,,,,0,0
10069,1,,,0,0
10071,,0,1,0,0.05882353
10072,0,,,0,0
10073,1,0,1,0,0
10074,1,0,1,0,0
10075,,0,0,0,0
10076,,0,,0,0
10077,0,0,0,0,0.3333333
10078,0,0,0,0.25,1
10079,1,0,0,0,0.04347826
10080,0,0,0,1,0.03333334
10081,0,,,0,0
10082,,0,1,0,0
10083,0,0,0,0,0
10084,,0,1,0,0.1428571
10085,0,0,0,0,0
10086,0,0,,0,0
10087,0,,,0,0
10088,1,,1,0,1
10089,0,,,0,0
10091,0,,,0,0
10094,1,1,1,0.2,0
10095,1,,,0,0
10096,1,0,0,0.3333333,0.5
10097,,,,0,1
10098,0.5,0,0,0,0
10099,0,,,0,0
10100,,0,,0,0.08333334
10102,1,1,1,0,0
10103,0,0,0,0,0
10104,0,0,0,0,0.04166667
10105,0,0,,1,0.5
10106,1,0,,0,0
10107,,0,1,0,0.5
10108,0,,,0,1
10109,,,,0,0.09090909
10111,,,,0,0.1111111
10113,0,,0,0,0
10114,1,1,1,0,0
10115,1,,1,0,1
10117,,0,,0,0
10118,,,,0,0
10119,1,0,0,0,0
10120,1,,,0,0
10121,1,,,0,0.05882353
10122,0,,,0,0
10123,1,,,0,0
10125,0.5,,,0,0
10127,1,1,1,0.3333333,1
10128,1,,,0,0.09090909
10129,1,0,1,0.5,0
10130,1,,1,0,0
10131,1,0,1,0.3333333,0.5
10132,,0,,0,1
10133,0,0,0,0,0
10134,1,0,,0,0
10136,,,,1,0
10137,0,0,0,0,0.3333333
10138,1,0,1,0.2,0
10139,1,,,1,0
10140,1,0,0,0,0
10143,,0,0,0,0
10144,1,0,0,0,0
10145,1,,1,0,0.3333333
10146,0,0,,0,0
10148,0,0,0,0,0
10149,0,0,,0,0
10150,,,,0,0
10151,1,1,1,0,1
10152,,0,,0,0
10153,0,1,,0,0.5
10157,1,1,1,0,0.5
10158,0,,,0,0.5
10159,0,,,0,1
10160,0,,,1,0.03225806
10161,,1,0,0,0
10162,1,0,1,0,0.5
10163,,0,,0,0
10165,1,0,1,0,0
10166,0,,,0,0.05
10167,1,,0,0,0
10168,,,,0,1
10169,,1,1,0,0.5
10170,1,0,1,0,0
10171,1,,,0,0
10172,0,0,0,0,0
10173,,,,0,0
10174,1,0,,0,0.3333333
10175,,,,0,0
10176,0,,,0.2,0
10177,,,,0,0
10178,,0,,0,0
10179,0,0,0,0,0
10180,,,,0,0.5
10181,0,,,0,0.2
10183,0,0,0,0,0.05882353
10184,,,,0,0
10185,0,0,,0,0.02777778
10186,0,,,0,0
10187,,,,0,0
10189,,,,0,0
10190,0,0,0,0,0
10191,0,1,0,0,0
10192,,0,,0,0
10193,1,0,1,0,1
10195,1,0,0,1,0.09090909
10197,1,0,1,0,1
10198,0,0,0,0,0
10199,1,,,0,0
10200,0,,,1,0.09090909
10201,0,,,0.5,1
10202,0,0,0,0,0
10203,1,,,0,1
10204,,,,0,0.2
10205,1,1,1,0,1
10206,0,,,0,0
10207,1,,,0,0
10208,0.5,0,0,0,1
10209,,,,0,0
10211,1,,,0.2,0
10212,,1,0,0,0.1666667
10213,0,,0,0.3333333,0
10214,0,1,1,1,1
10215,0,0,0,0,0.04761905
10216,,,,0,1
10217,0.5,,,0,0
10219,0,0,,0,0
10220,0,1,,0,0
10221,,0,0,0,1
10222,1,,1,0,0
10223,0,0,0,0,0
10224,0,0,0,1,0
10225,0,,,0,0
10227,0,,,0,0
10228,1,1,1,0,1
10229,,,,0,0
10231,1,,0,0,0.09090909
10232,,,,0,0
10234,,,0,0,0
10235,1,0,,0,0
10237,0,0,0,0,0.04545455
10238,0,1,1,1,1
10239,1,1,1,0,1
10240,0,0,0,0,0
10242,,0,,0,1
10243,,0,0,0,0
10244,1,0,1,0,0.07692308
10247,,,0,0,1
10248,0,0,0,0,0
10249,1,,1,0,0
10250,1,0,1,0,0
10251,,,,0,0
10252,0,0,0,0,0
10253,,,,0,0
10254,,,,0,0.09090909
10255,0,0,0,0,0
10256,0,,,0,0
10258,0,,,0,0
10259,0.5,1,1,0,0
10260,1,1,1,0,0.09090909
10261,,,,0,0
10263,0,0,0,0,0.02040816
10265,,,,0,0
10266,,0,0,0.3333333,0.2
10267,1,0,0,0,0
10268,1,1,1,0,1
10269,1,0,1,0,0.25
10270,1,0,,0.3333333,0.08333334
10271,,0,,0,0
10272,0,,,0,0.5
10273,,0,,0,0
10275,1,1,1,0,1
10276,,,,0,0
10277,1,1,0,0,0
10279,0,,,0,0.09090909
10280,,,,0,0
10281,0,,,0,0
10282,0,,,0,0.5
10283,,0,,0,0
10284,,1,1,0,0.5
10285,,0,,0,0
10286,1,0,1,0,0.5
10287,1,0,0,0,0.5
10288,,0,,0,1
10290,,0,,0,0.2
10291,1,,,0.5,0.06666667
10292,0,0,,0,0
10293,0.5,0,1,0,0.09090909
10294,1,,,0,0.03333334
10295,0,0,,0,0
10296,1,1,1,0.3333333,0
10297,0,,,0,0.07692308
10298,,0,0,0,0
10299,0,0,0,0,0
10302,0,0,0,0,0
10304,1,1,1,0,1
10305,0,,0,0,0
10306,0,0,0,0,0
10307,1,,1,0,0.1428571
10308,0,,,0,0.09090909
10309,0,0,0,0,0.5
10310,,0,,0,0.5
10311,1,0,1,0,0
10312,0,0,0,0,0
10313,,0,0,0,0
10314,,0,0,0.5,1
10315,1,,,0,0
10316,,,,0,0
10317,0,,,0.5,0
10318,1,0,0,1,0.1
10319,0,0,0,0,0
10321,0,0,0,0,0.5
10322,0.5,,0,0,0
10324,1,1,1,0,0.5
10326,,,,0,0
10327,0.5,,,0,0
10328,1,0,1,0,0
10329,,0,0,0,0
10330,0,,,0,0
10331,0,,,0,0.04761905
10332,,,,0,0
10334,0,0,0,0,0
10335,,,,0,0
10337,0,0.5,0.5,0,0
10338,0,,,0,0.5
10339,0,,0,0,1
10341,,0,,0,0
10342,1,1,1,0,1
10344,,0,1,0,0.1428571
10345,,,1,1,1
10346,0,0,0,0,0.3333333
10347,,,,0,0
10348,0,0,0,0,0
10349,0,1,,0.3333333,1
10351,,,,0,0
10352,,,,0,0
10353,,,,0,1
10354,,,,0,1
10355,0,,,0,0.25
10356,0.5,,,0,1
10357,1,0,0,0,0
10358,,0,,0,0
10359,,,,0.5,0
10360,,,,0,0
10361,0,0,0,0,0
10362,,,0,0,0
10363,1,1,1,0,0
10365,,0,,0,0
10366,,,,0,0
10367,0.5,0,0,0,0
10368,0,0,0,0,0.03125
10369,0,0,0,0,0
10370,1,0,1,0.2,0
10372,1,,,0.3333333,0.09090909
10373,,0,,0,0
10375,,,,0.5,0
10376,1,,1,0,0
10377,0,0,0,0,0
10378,,,,0,0.09090909
10379,0,,,0,0.08333334
10380,0,0,0,0,0.5
10382,1,,,0,0
10383,1,0,,0,0
10384,1,,,0,1
10385,,0,1,0,0
10386,,,,0,0.04761905
10388,0,0,1,0,0.08333334
10389,1,0,1,0,0.25
10390,0,,,0,0
10392,1,,,0,0.04545455
10393,1,0,1,0,0
10394,0,,0,0,0
10396,1,,,0,0.1
10397,0,,,0,0
10398,1,,,0,0
10399,1,1,,0,0.09090909
10400,,0,,0,0
10401,0.6666666667,0,0,0,0
10402,1,1,1,0,1
10403,1,1,1,0,1
10404,,1,0,1,1
10405,1,0,1,0,0
10407,0,0,0,0.5,0.09090909
10408,1,0,1,0.5,0
10409,1,,,0,0.5
10410,1,1,1,0,1
10411,,0,1,0,0
10412,1,0,0,0,0
10413,,,0,0,0
10414,1,,1,0,0
10415,,,,0,0
10416,0,0,0,0,0
10417,,,,0,0
10418,1,0,1,0,0
10420,0,,,0,0
10421,,,,0,0.09090909
10422,1,0,,0.5,0.09090909
10423,0,0,,0,0.07142857
10424,1,0,1,0,0
10425,0,,,0,0
10426,0,,,0,0
10428,,0,0,0,1
10429,,0,0,1,1
10430,0,0,1,0,1
10431,,0,0,0,0
10432,1,0,0,0,0.5
10433,0,,,0,0.5
10434,0,,,0,0
10435,0.5,0,0,0,0
10437,1,,1,0,0
10438,0,,1,0,0
10439,0,1,0,0,0
10440,1,0,0,0,0
10441,1,1,1,0,1
10442,1,,,0,0
10443,0.5,0,0,0,0.3333333
10444,0,0,0,0,0
10445,0,0,,0,1
10446,0,,,0,0.04761905
10448,0.6666666667,,,0,0
10449,0.5,1,0,0,0.1666667
10450,,,,0,0
10452,1,0,1,0,0
10453,1,,,0,0
10455,0,,,0,0.09090909
10456,,,,0,0.03225806
10457,,,,0,0
10458,1,0,0,0,0.5
10461,0,0.5,0,1,0
10464,1,0,0.5,0,0
10465,,,,0,0
10466,,0,,0,0.07142857
10467,1,1,1,0,1
10468,,,,0,0
10469,1,,,0,1
10470,0.5,0,1,0,0
10471,1,0,0,0,0.08333334
10472,0.5,0,,1,0
10474,,,,0,1
10475,,0,0,0,0
10476,,,,0,0
10477,0,0,0.5,0,1
10478,,,,0,0.09090909
10480,0,0,0,0,0
10482,,,,0,0
10483,,,0,0,0
10484,,,,0,0.2
10485,,0,,0,1
10488,0.5,,,0,1
10489,,,,0,0.125
10490,,,,0,0
10491,1,,1,0.5,0
10493,0,0,,0,0
10494,0.3333333333,0,1,0,1
10495,,,,0.2,0
10498,1,0,0,0,0.3333333
10499,0,0,,0,0
10500,1,,,0,0
10501,0,,0,0,1
10503,1,,1,0,0.3333333
10504,1,0,1,0,0.5
10505,0,0,,0,0
10506,1,,1,0.3333333,0
10509,0,0,0,0,0
10511,1,0,1,0.5,0
10512,1,0,,0,0.5
10513,0,1,1,1,1
10514,0.5,,,1,0.3333333
10515,,,,0,0.5
10516,1,,,0,0
10517,0,0,0,0,0
10518,,,,0,0
10519,,,,0,0
10521,,,,0,0
10522,,1,,0,0
10523,,0,,0,0
10526,,0,,0,0
10527,1,0,0,0,0
10528,0,0,0,0,0
10529,,0,,0.2,0
10530,,,,0,0
10531,1,1,1,0,0.5
10532,,,,0,0.1428571
10535,0,0,0,0,0
10536,0,0,0,0,0
10537,,,,0,0
10538,1,,,1,1
10539,1,1,1,0,1
10541,0,0,0,0,0
10542,1,,,0,1
10543,,,,0,0
10544,0,0,0,0,0
10545,0,,,0,0
10546,0,0,,0,0.1111111
10547,1,,,0.25,0.07692308
10548,,1,,1,1
10549,1,0,1,0,0
10550,0.5,0,0,0,0
10551,,0,,0,0
10553,0.5,,,0,0
10555,,,,0,0
10556,1,,,0,0
10557,0.5,0,0,1,0.07692308
10558,,0,0,0,0
10559,,,,0,0
10560,0,0,0,0,0
10562,0,0,0,0,0
10563,0,1,0.5,0,0.25
10564,1,0,0,0,0
10566,,1,,0,0
10567,,,,1,0
10568,,0,1,0,0
10569,,0,,0,0
10570,0,0,0,0,0
10571,0,0,0,0,0
10572,,0,,0,0
10573,0,,,0,0.02439024
10574,0,1,,0,0.07142857
10575,1,1,1,0.3333333,0
10576,,0,,0,0
10577,1,,,0,0
10578,0.5,0,1,0,0
10579,0,,,0,0
10580,,,,0,0
10581,,0,,0,0
10582,0,,0,0,0
10583,0,,,1,0
10584,0.5,,,0,0.0625
10585,,0,0,0,0.3333333
10586,1,0,1,0,1
10587,0,0,0,1,0.5
10588,0,,,0,0.05
10589,0,1,0,0,0
10590,0,0,0,0,0
10591,,0,,0,0
10592,,,,0,0.07142857
10593,,0,,0,0
10595,0,,,0,0
10596,1,,,0,0.5
10597,0,1,,0,0.05882353
10598,,,,0,0
10599,1,0,1,0,0.3333333
10600,,0,,0.5,0
10601,0,0,0,0,0
10602,1,0,1,0,0.25
10603,0,0,,0,0
10604,0.3333333333,0,,1,0.04761905
10605,,,,0,0
10606,,,,0,0
10609,0,0,,1,1
10610,,,,0,0
10611,,0,,0,0
10612,0,1,0,0,1
10613,,,,0,0.5
10615,0,,,0,0
10616,,,,0,0
10617,,,,0.5,0
10619,1,,,0,0.08333334
10620,,,,0,0
10621,0,0,0.5,0,0
10622,,0,1,0,0
10623,,1,1,0,1
10624,0.5,0,0,0,0.09090909
10625,0.5,0,0,0.5,1
10626,,,,0,0
10627,1,,,0,0.08333334
10628,,1,,0,1
10629,,0,0,0,0
10631,0,0,0,0,0
10632,,0,0,0,0
10633,,,,0,0
10634,,,0,0,0
10635,0,,,0,0.5
10636,1,,,0,1
10637,0,,,0,0
10638,0,0,1,0,0.04761905
10640,1,0,1,0,0
10641,0,,,0,0.5
10644,1,0,1,0,1
10645,0,,,0,0.1666667
10646,,1,,0,1
10649,0.5,,,0,0
10650,0,,,0,0
10651,0,1,0,0,0
10652,,,,0,0
10653,,,,0,0
10654,0,0,0,0,0.1111111
10656,0,0,0,0,0
10657,1,0,1,0,0
10658,,,,0,0
10659,1,0,1,1,0
10660,1,0,,0,0.09090909
10661,0.5,,,0,0.3333333
10662,0,0,0,0,0.09090909
10664,1,0,0,0,0.04761905
10665,,0,0,1,0.25
10668,1,,,0,0
10669,0,0,,0,1
10670,,,,0.3333333,0
10671,0,,0,0,0
10673,0,,,0,0
10674,,1,1,0.3333333,0
10675,,,,0,0
10676,,0,,0.2,0
10677,,,,0,0
10678,0,0,0,1,1
10679,,,,0,0
10680,0,,,0,0
10681,0,,0,0,0
10682,1,,,0,1
10683,,0,,0,0
10684,1,1,1,0,0.09090909
10686,1,0,1,0,1
10687,1,0,,0,0
10688,,,,0,0
10689,1,0,1,0,0
10690,,,,0,0
10691,1,1,1,0,1
10692,0,0,0,0,0
10693,,0,,0,0
10695,,,,0,0.2
10696,1,0,1,0.5,0.09090909
10697,1,1,1,0,1
10698,,0,,0,0.5
10700,1,1,1,0,0
10701,,,,1,0
10702,0,0,,0,0
10703,,,,0,0
10705,0,0,0,0,0
10706,0,0,,0,0
10707,,,,0,0
10708,,0,,0,0
10709,,,,0,0
10710,,,,0,0.1428571
10711,0,0,,0,0
10712,,0,,0,0
10714,,1,,0,0
10715,0,0,,0,0
10717,0,0,,0,0.25
10718,,0,,0,0
10720,1,0,,0,0
10721,1,0,1,0,0
10722,0,0,0,0,0.07692308
10723,,,,0,0
10724,0,,,0,0
10725,1,,1,0,1
10726,,,,0,0
10727,,0,1,0,0
10728,0,0.5,,0,0.04761905
10729,0,,,0,0
10730,0,,,0.5,0.08333334
10731,1,,,0,1
10732,0,0,0,0,0
10733,1,1,1,0,1
10735,,1,,0,0
10736,,0,0,0,0
10737,0,0,0,0,0
10738,,0,,0,0
10739,,0,,0,0
10740,1,,1,0,1
10742,1,1,1,0,0.1111111
10743,,0,,0,0
10744,0,,,0,0
10746,,0,0,0,0
10747,1,,,0,0
10748,1,0,1,0,1
10750,,,,0,1
10753,,0,,0,0
10754,,,,0,0
10755,0,1,,0,0.5
10756,,0,0,0,0
10757,,0,,0,1
10758,0,0,0,0,0
10760,0,,,0,0.04166667
10761,0,0,0,0,0
10762,1,,,0,0.1111111
10763,1,1,1,0.25,0
10764,0,,,0,0.3333333
10765,1,0,1,0,0.1428571
10766,0,,,0,1
10767,,,,0,0
10768,,,,0,0.07692308
10769,0,,0,0,1
10770,,,,0,0
10771,1,,,0,0
10774,0,0,0,0,0
10775,,,,0,0
10776,,0,,0,0
10777,0,0.5,0,0,0
10778,,,,0,0
10779,0,0,,0,0.5
10781,0,0,0,0,1
10782,0,,,0,0
10783,0,0,0,0,0
10784,,,,0,0.5
10785,,,,0,0.2
10786,0,1,0,0,0
10788,0,0,0,0,1
10789,0,0,0,0,0
10790,0,,,1,0.1666667
10791,1,0,0,0,0
10792,1,,1,0,1
10793,,,,0,0
10794,1,0,1,0.25,0
10796,1,0,1,0,0
10797,0,,,0,0
10798,1,,,0,0.04761905
10799,0,0,0,0,0
10800,0,,0,0,0.1111111
10801,1,,,0,0
10802,0,0,0,0,0.1111111
10803,,,,0,0
10804,0,,,0,1
10805,,1,,0,1
10807,1,0,1,0,0
10808,0,,,0,0.05555556
10809,0,0,,0,0
10811,1,,,0,0
10812,,,,0,0.5
10815,0,,,0,0.06666667
10816,1,0,1,0,0.5
10817,,,,0,0
10818,,,,0,1
10820,,,,0,0
10822,,0,,0,0
10823,,,,0,0.25
10825,0.5,,,0,0.04761905
10826,0,,,0,0
10827,1,,,0,0
10828,,0,0,0,0
10829,1,1,1,0,0.1666667
10830,1,1,1,0,1
10831,1,0,0.5,0,0.04166667
10832,0,0,0,0,0
10833,1,0,0,0,0.5
10834,0,,0,0,0
10835,1,,,0,0.09090909
10836,0,,,0,1
10837,1,0,1,0,1
10839,,0,,0,0
10841,0,0,0,0,1
10843,0,1,,0,0.5
10844,0,,0,0,0
10845,,,,0,0
10846,,0,,0,0
10847,1,,,0,0
10848,0.5,0,0,0,0
10849,,1,1,0,1
10850,0,1,,0,0
10851,0,0,0,0,0
10853,1,0,1,0,1
10855,1,1,1,0,1
10856,0,0,0,0,0
10857,0,0,1,0,0
10858,1,0,0,0,0
10859,0.6666666667,,,0,1
10860,0,0,0,0,0.3333333
10861,,,,0,0
10862,0,0,0,0,0
10863,0,0,0,0,1
10864,0,0,,0,0
10866,1,0,1,0,0
10871,0,,0,0,0
10872,0,,,0,0.25
10873,1,,,0,1
10875,1,,1,0,0
10876,0,,,0,0.3333333
10877,,,,0,0
10878,,,,0,0
10880,1,1,1,0,0
10881,,,,0,0
10883,1,0,1,0,0
10884,1,,1,0,0.07142857
10885,0.5,,,0,1
10886,,0,,0,0
10887,1,0,1,0,0
10888,1,1,1,0,0.5
10889,1,,,0,1
10890,,0,0,0,0
10892,,,,0,0.05263158
10893,0,1,1,0,0
10894,0,0,0,0,0
10895,0,0,0,0,0
10897,0,0,0,0,0
10898,0,0,0,0,0
10899,0,,,0,1
10900,0,,,0,0
10903,,,,0,0
10906,,,,0,1
10907,,0,,0,0.03571429
10908,1,1,1,0,1
10909,0,0,0,0,1
10911,0,0,0,0,0
10913,1,,,0,0.04761905
10914,,,,0,0
10915,1,1,1,0,0.1111111
10916,,,,0,0.04761905
10917,0,,,0,0
10920,0,0,0,0,0
10921,0,0.5,0,0,0
10922,1,,0,0,0
10923,0,,,0,0.09090909
10924,0,,1,0,0
10925,,,,0,0
10926,0,0,0,0,0.1
10927,0,1,,0,0.08333334
10929,,,,0,0
10930,,1,0,0,1
10932,0,,0,0,0.1111111
10933,0,,,0,1
10934,,,,0,0
10935,1,0,1,0,0
10936,0,,,0,0
10937,,0,,0,0
10940,1,0,0.5,0,0.5
10942,1,0,1,0,1
10944,0.5,,,0,0.5
10945,1,,,0,0
10947,,,,0,0.09090909
10948,,,,0,0
10949,,,,0,0
10950,0,0,,0,0
10951,0,0,,0,0
10952,,,,0,0
10953,0,,,0,0
10954,0,0,,0,0
10955,1,1,1,0,0
10957,,0,1,0,0.07692308
10958,0,0,0,0,0.04545455
10959,0,0,,0,0.1428571
10961,1,,,0,1
10962,1,0,0,0,0
10963,0,0,0,0,0.3333333
10964,,0,0,0,0
10965,1,1,1,0,1
10966,1,,,0,0
10967,0,1,0,0,0
10969,1,0,1,0,0
10972,,,,0,1
10973,0,1,0,0,1
10974,0,,,0,0.05882353
10975,,,,0,0
10976,,0,0,0,0
10977,1,0,1,0,0.08333334
10979,1,,,0,1
10980,0,,,0,0
10982,0,0,,0,0
10983,0,,,0,0.09090909
10984,0.5,0,1,0,0
10985,,,,0,0.25
10986,1,,,0,0.09090909
10987,,,,0,0
10989,1,0,1,0,0
10990,0,0,0,0,0
10991,0,,,0,0
10992,1,0,,0,0.09090909
10993,0,0,0,0,0
10994,,0,,0,0.07692308
10995,0.5,0,1,0,0
10996,,,,0,0
10997,0.5,,,0,0
11000,1,0,1,1,0.08333334
11001,,,,0.5,0.1
11002,0.5,0,0,0,0.5
11004,0,0,0,0,0
11005,1,0,0,1,1
11006,0,0,0,0,0
11007,,,,0,0
11008,0,0,,0,0
11009,0,0,0.5,0,0
11010,,,1,0,0.09090909
11011,1,1,1,0,1
11012,1,1,0.5,0,0
11013,1,1,1,0.3333333,0.5
11014,1,,,0,0
11015,1,0,1,0,0.5
11016,0,0,,0,0.03225806
11018,,,,0,0
11020,1,1,1,0,0.09090909
11021,,0,0,0.3333333,0
11022,,,,0,0.1666667
11025,0,0,0,0,0
11026,1,0,1,0,0
11027,1,1,1,0.5,1
11028,,,,1,0
11029,0,,,0,0
11030,0,0,0,0,0
11032,0.5,0,0,0,0.08333334
11034,0,,,0,0
11035,1,0,0,0,0.09090909
11036,1,,,0,0
11037,,0,,0,0
11038,1,1,1,0,0
11039,0,0,0,1,0
11040,0,0,,0,0
11042,1,,0,0,0
11043,0,0,0,0.3333333,0
11045,1,0,,1,1
11046,0,,,0,0
11048,0,0,0,0,0
11049,1,,1,0,0
11051,0,,,0,0
11052,,,0,0,0.08333334
11053,1,0,1,0.5,1
11054,,,,0.3333333,0
11055,1,1,1,0,0
11056,,1,1,1,1
11057,1,0,,1,0.09090909
11058,0,0,,0,0.02325581
11059,,0,0,0,0
11060,0,,,0,0.3333333
11062,1,0,1,0.5,0.08333334
11064,1,,,0,0
11065,0,0,0,0,0.04545455
11066,1,0,1,0,0
11067,1,,,0,0
11068,0,1,0,0,1
11070,0,,,0,0
11071,0,,,0,0.25
11072,,,,0,0
11073,0,,,0,0
11075,1,0,1,0,0
11077,0,0,0,0,0.07142857
11078,1,0,1,1,0.1
11079,1,0,1,0,1
11080,1,0,0,0,0
11082,,0,0,0,0.1
11084,,0,,0,0
11085,,1,,0,0
11086,1,0,0,0.3333333,0
11087,,0,,0,0
11088,1,1,1,0,1
11089,0,0,0,0,0
11091,1,,,0,0.1111111
11093,1,,,0,0.5
11094,,0,,0,0.1
11095,0,,,0,0
11096,0.5,0,0,0.3333333,1
11097,0,,,0,0
11098,,1,,0,1
11099,,,,0,0.5
11100,0,1,1,0,0
11103,0.5,0,0,0,0.1428571
11104,1,0,1,0.2,0
11105,0,,0,0,0
11106,0,,,0,1
11108,0,0,0,0,1
11110,1,,,0,0
11111,1,,1,0,0
11112,0,0,0,0,0
11114,,,,0,0
11115,,,,0,0
11116,0,1,,0,1
11117,,1,,0,1
11118,0.5,0,0,0,1
11119,,,,0,0
11121,,,,0,0
11122,0,0,0,0,0
11123,0,0,0,0,0
11124,0.5,0,1,0.5,0.25
11125,0,,1,0.2,0
11126,1,,1,0,0.04761905
11127,1,,,0,0
11128,0,,1,0,1
11130,1,0,0.5,0.25,0.05555556
11131,1,1,1,0.5,0
11133,0,,,0.5,0.04761905
11134,0,0,0,0,0.09090909
11135,0.5,0,1,0,1
11137,0,0,0,0,0
11138,0,0,0,0,0.1111111
11139,0,,,0,0
11140,1,0,1,0,0.05263158
11141,0,0,0,0.5,0
11142,,,,0,0
11145,1,,,0,0
11146,1,0,1,0.25,0
11147,1,1,1,0.3333333,0
11148,1,,,0,0
11149,1,0,1,0,0.07142857
11150,0,,0,0,0
11151,1,1,1,1,1
11152,,,,0,0.03030303
11153,,,,0,1
11154,,,,0,0
11155,,0,0,0,0
11156,0,,,0,0.04
11157,1,0,1,0,0.05882353
11158,,,,0,0
11159,,,,0,0
11161,,,,0.25,1
11163,,0,,0.25,0
11164,0,0,,0,0
11165,,,,1,0.1428571
11167,0.5,0,0,0,0.5
11169,0,,,1,0.5
11170,,,,0,0
11171,0,,,0.5,1
11173,,0,,1,0.5
11174,0,,,0,0
11175,0.5,,,0,0
11176,,0,0,0,0
11177,,0,,0,0
11178,0,0,,0,0.03225806
11180,,0,0,0,1
11181,0.5,0,1,0,0.08333334
11182,1,1,1,0,0
11183,,,,0.5,0
11184,0,1,1,0,1
11185,,,,0,1
11186,0,,,0,0.05555556
11187,,0,,0,0.5
11188,0,0,0,0,0
11189,,,0,0,0
11190,0,0,,0,0
11191,,0,0,0,0
11192,,,0,0,0
11194,,0,0,0,0
11195,0,,,0,0.1111111
11197,0,0,0,0,0
11198,1,0,1,0,0
11199,,,,0,0
11200,1,0,1,0,0.1666667
11201,0,,,1,0.5
11202,1,,,0,0
11204,1,,,0,0.0625
11205,0,1,0,0,1
11206,1,1,1,0,0.2
11209,0,,,0,1
11210,1,0,0,0,0
11211,0,,0,0,0.3333333
11212,0,0,0,0,0.5
11214,0,1,,0,0
11215,,,,0,0
11216,1,,,0,0.09090909
11217,0,,,0,0
11218,0,,,0.3333333,0
11219,0.5,,,0,0
11220,0,0,0,1,0.09090909
11221,1,0,1,0,1
11222,,,,0,0
11224,,0,,0,0.08333334
11225,1,,,0,0
11226,,,,0,0
11227,1,0,1,1,0
11229,0,0,0,0,0
11230,0,,,0,0
11231,,1,,0,0
11232,0.5,0,0,1,0.09090909
11233,0,,,0.25,0
11234,0,0,0,1,1
11235,,,,0,0
11236,0.5,,,0,0.07692308
11237,,,,0,1
11238,1,,,0,0.5
11240,,0,,0,0
11241,1,0,1,0,1
11242,0,0,0,0,0
11243,1,1,1,0,1
11244,0,0,1,0,0
11245,0.5,,1,0,0.09090909
11246,,,,0,0
11249,,,,0,1
11250,,0,,0,1
11251,,,,0,0
11252,,0,0,0,0.5
11254,,,,0,0
11255,0,,,0,0
11256,0,,,0,1
11257,1,,,0,0.3333333
11258,1,0,1,1,0
11259,,,,0,0
11260,,0,,0.5,1
11261,,,,0.3333333,0.07692308
11263,,,,0,0
11264,0.5,,,0,0
11265,,,,0,0
11266,,,,0,1
11268,,,,0,0
11269,0,0,0,0,0
11271,1,,,0.5,0
11272,1,0,1,0.5,0
11273,,,,0,0
11274,1,0.5,1,0,1
11276,0,1,0,0,0
11277,,0,0,0,0
11278,,0,0,0,0
11279,1,0.5,1,0,0
11280,,,,0,0.5
11281,,,,0,0
11283,0.5,,,0,0
11285,,0,0,0,0
11286,0,0,0,0,0
11288,0,,,0,0
11289,1,0,1,0,0.3333333
11290,1,0,,0,0
11291,,,,0,0
11293,,0,0,0.2,0
11295,1,0,1,0,1
11296,0,,,0,0.07692308
11297,,,,0,0.3333333
11298,1,0,,0,0.09090909
11299,1,0,1,0,0.09090909
11300,,,0,0,0
11301,0,0,0,0,0
11302,0.5,,1,0.2,0
11303,1,,,0,0
11304,,,,0,0
11306,,,,0,0
11307,,0,,0,0
11308,0,0,0,0,0.1428571
11309,,,,0,0.05263158
11310,,,,0,0
11313,,,,0,0.04347826
11314,,0,,0,0
11315,0,,1,0,0
11316,0,,0,0,1
11317,1,0,1,0,0
11318,1,0.5,,0,0.25
11319,1,,,0,1
11320,,0,,0,0.25
11322,,1,,0,1
11323,,0,,0,1
11324,0,,0,0,0
11325,1,1,1,0,0
11326,0,,,0,0.09090909
11327,,,,0,0
11328,0,,,0,0
11330,,,,0,0
11331,,,,0,1
11332,0,0,0,0.5,0.2
11333,1,1,1,0,1
11334,0,,,0,0
11335,0,1,,0,0.09090909
11336,0,,,0.3333333,1
11337,,,,0,0
11338,,,,0,0
11340,0,0,0,0,0
11341,0,0,1,0,0
11342,,1,,0,1
11343,,,,0,0
11344,,,,0,0
11345,,1,,0,1
11346,1,0,1,0,0
11347,0,,,1,0
11348,0,0,0,0,0
11349,,0,,0,0
11352,1,,1,0,0.5
11353,,0,,0,1
11354,0.5,0,1,0,0.08333334
11355,0,0,0,0,0.09090909
11356,1,,,1,0
11357,1,,,0,0
11358,,1,,0,0
11359,0.5,0,0.5,1,0
11360,,,,0.5,0
11361,0.3333333333,0,0,0,0.5
11362,0.5,1,1,0,0
11364,,0,0,0,0
11366,0,,,0,0
11367,,,,0,0
11368,1,,1,0,0
11369,1,1,1,0,0.09090909
11370,0.5,1,0,0,0.2
11371,0,0,0,0,0
11372,1,,,0,0
11373,0,0,0,0,0
11374,0,,,0,0
11375,,,,0,0.3333333
11376,1,,,0,0
11377,0,,,1,0.1666667
11378,0,0,,0,0.1666667
11379,,0,1,0,0.06666667
11380,,,,0,0
11382,,,,0,0.25
11383,,,,0,0
11385,0,0,,0,0
11386,1,1,,0,0
11387,1,,1,0,0
11388,1,1,1,0,1
11389,0,0,0,0,1
11390,,1,,0,0
11391,,,,0,0.125
11392,0,0,0,0,0
11393,0,,,0,0
11394,0,0,0,0.5,0
11395,0,1,0,0,1
11396,0.5,1,0,0,0
11399,0,0,0,0,0
11400,1,0,1,0,1
11401,,1,1,0,1
11402,1,0,0,0,0
11403,1,,1,0,0
11404,,0,,0,0
11405,0,0,1,0,0
11406,,0,,0,0
11407,0,0,,0,0
11410,,0,,0,0.08333334
11411,,0,,0,0
11412,,,,0,0
11413,0,0,0,0,0.1666667
11414,,,,0,0
11415,1,0,1,0,1
11416,1,0,1,0,0
11418,0.5,0,,0,0.08333334
11421,0,0,,0,0
11422,,1,,0,0.09090909
11423,0,0,0,0,0
11424,,,,0,0
11425,0,,,0,0
11427,,,,0,0
11429,,0,0,0,0
11430,0,0,0,0,0
11431,0,0,0,0,0
11432,0,0,0,0,0.03125
11433,0,1,0,0,1
11434,1,1,1,0,0
11435,0,0,0,0,0
11436,0,,,0,0
11437,0,0,,0,0
11438,0,,,0,0
11439,1,,,0,0.07142857
11440,,0,,0,0
11441,1,0,1,0,0.25
11442,0,,,0,0.07692308
11444,1,,,1,1
11445,0,0,0,0,0
11448,,0,,0,1
11450,1,0,1,0,0
11451,1,,,0,0
11453,,,,0,0
11454,0.5,,,0,0.04761905
11457,0,,,0,0
11458,0.5,,,0,0.09090909
11459,,,,0,0
11460,0,0,0,0,0
11461,0,0,0,0,0
11462,,0,,0,0
11465,0,,,0,0
11466,,,,0,0
11467,,1,1,0.5,0
11469,,,,0,0
11470,0,0,,0,0
11471,1,,,0,0
11472,1,1,1,0,0.08333334
11473,0,0,0,0,0
11474,1,0,1,0,0.06666667
11475,1,,,1,1
11476,0.5,0,0,0,0
11478,1,,,1,0.09090909
11480,,1,,0,0.09090909
11482,0,,,0,0
11483,0,,0,1,0.3333333
11484,0,0,0,0,0
11485,0,0,0,0.3333333,0
11486,1,,,0,0
11487,0,,,0,0
11488,0,,1,0,0
11489,1,,,1,0
11491,0,0,0,0,0.3333333
11493,1,1,1,0,1
11494,1,0,1,0,0.07142857
11496,,,,0,0
11498,,0,,0,0
11499,,0,0,0,0
11500,1,1,1,0,1
11501,,,,0,0.09090909
11503,,,,0,0
11505,,0,1,0,0
11506,1,,,0,0.3333333
11507,,0,,0,0
11509,,1,,0,1
11510,,,,0,0
11512,1,0,1,0,0.09090909
11513,,,,0,0
11514,0,,,0,1
11515,,0,0,0,0.09090909
11516,0,0,0,0,0
11517,,,,1,0.5
11518,,0,,1,1
11519,0,,,0,0.1428571
11520,1,,,0,0
11521,0,,,0,0
11522,1,0,0,0,0.3333333
11523,0,0,0,0.2,0.25
11525,,1,,0,0
11526,1,0,,0,1
11528,1,0,1,0,0
11529,,0,,0,0
11530,,0,,0,0
11531,,0,,0,0.09090909
11532,1,,1,0,0
11534,0,,,0,0.07692308
11536,,,,0,0
11537,0,,,0,0.06666667
11538,1,1,1,0,1
11539,,,,0,0
11540,,,,0.5,0.2
11541,0,0,0,0,0
11542,,,,0,0
11544,,0,,0,0.25
11545,,,,0,0
11546,,0,0,0,0
11547,,0,,0,0.09090909
11549,,,,0,0
11552,,,,0.5,0
11554,1,,,0,0
11555,,,,0,0
11556,1,,,1,0.07692308
11558,,,,0,0.04347826
11559,1,0,,0,0
11562,0,1,0,0,0.09090909
11564,1,1,1,0,0
11565,0,0,,0,0
11566,0,0,0,1,0.0212766
11567,0,,,0,0
11568,0,1,0,0,0.09090909
11569,0,,,0.25,0
11570,1,0,1,0,0
11571,0,0,0,0,0
11574,0.5,0,1,0,0
11575,,1,,0,1
11576,1,0,1,0,0
11577,0,,0,0,0.1111111
11578,0,0,0,0,0
11579,,,,0,0
11580,,1,,0,0
11581,,,,0,0
11582,0,,,0,0.04347826
11583,0,0,0,0,0
11584,0,,0,0,0
11585,1,0,0,1,0.5
11586,0,,,0,0
11587,,1,,1,0.09090909
11588,,,0,0,0
11589,,,,0,0
11590,,1,,0,1
11591,,,,0,0.5
11592,0,,,0,0
11593,,,,0,0
11594,,1,,0,0.5
11595,,,,0,0
11597,,,,0,1
11599,0,0,0,0,0
11600,0,0,1,0,1
11601,1,,,0,0
11602,,,,1,0
11604,0,,,0,0
11605,,,,0.2,0
11606,0,,,0,0.1666667
11607,0,0,0,0,0
11608,,0,0,0,0
11609,0,0,0,0,1
11610,0,,,0,0
11614,1,,1,0,0
11615,1,1,1,0,0
11616,0,1,,0,0
11618,0.5,0,0,0,0
11619,0,,,0,0
11621,0,0,0,0,0
11622,1,1,1,0,1
11623,1,1,1,0,1
11624,,,,0,0
11625,,0,,0,0
11626,0,,,0,1
11627,0.5,0,1,0,0.09090909
11628,0,0,0,0,0.07692308
11631,,,,0,0
11632,1,0,0.5,0,0.09090909
11633,0,0,0,0,0.04761905
11634,0,0,0,0,0
11635,0,,,0,0
11637,,0,,0,0
11638,1,,,1,0
11640,0,0,0,0,0
11641,1,0,1,0,0
11643,1,,,0,1
11644,0.5,0,0,0,0.09090909
11645,0,0,0,0,0
11646,1,0,0.5,0,0
11647,,,,0,0
11649,1,0,1,0,0
11651,1,,,0,0.08333334
11652,,,,0,0.09090909
11653,0,,,0.5,0
11655,0,0,0,0,0.0625
11656,0,,0,0,0
11657,0,0,0,0,0
11659,1,1,1,0,0
11660,,,,0,0
11661,0,0,0,0,1
11662,,,,0,1
11664,,0,,0,0
11665,0,0,0,1,0
11667,1,0,1,0,0.3333333
11668,0,0,0,0,0
11670,,,,0.25,0
11671,,0,0,0,0
11672,0,0,0.5,0,0.09090909
11673,1,0,1,0,0
11674,,,,0,0
11675,0,,,0,0
11678,,0,,0,1
11679,0,,,0.25,0
11681,1,,,1,1
11682,0,0,,0.5,0.5
11684,0,,,0,0
11685,,1,,0,1
11687,0.5,1,,0,0.125
11688,,,,0,0
11689,0,,,0,0
11690,,1,,0,0.5
11691,1,1,1,0,1
11692,0,1,,0,0.1666667
11693,0,,0,0,0
11694,,,,0,0.09090909
11695,0,0,,0,0.07692308
11696,,0,,0,1
11698,0,0,0,0.25,0
11699,0,0,0,0,1
11700,1,0,1,0,0
11701,,,0,0,0.3333333
11702,,,,0,0
11703,,,,0,1
11704,,,,0,0
11705,,0,1,0,0
11708,,,,0,1
11709,,1,0,0,0
11710,,,,0,0
11711,,,0,0,0
11712,0,0,0.5,0,0
11714,,,,0,0
11717,0,0,0,0,0
11718,0,0,,0,0
11720,0,,,0,0.5
11721,0,,,1,0
11722,,,,0,1
11723,0,,,0,0
11725,0,,,0,0
11726,,,,0,0
11727,,0,,0,0.2
11728,0,0,,0,0
11729,,,,0,1
11730,0.5,0,1,0,0.5
11731,1,,1,0,1
11732,,,0,0,1
11733,0,,,0,0
11735,,,,0,0
11736,,,,0,0
11738,0,1,1,0,0.09090909
11739,,0,,0,0
11740,0.5,0,0,0,0
11741,,0,0,0,0
11742,1,0,1,0,0
11743,,,,0,0
11744,0,0,0,0,0.25
11745,,,,0,0
11746,1,1,1,0,0
11747,,,,0,1
11748,,,,0,0
11749,0,1,1,0,1
11750,1,0,0,0,1
11751,1,0,1,0,0
11752,1,0,,0,0
11753,1,,,0,1
11754,,,,0,0
11755,0,,,0,0.02325581
11756,0,,,0,0.07692308
11757,,0,,0,0.08333334
11758,1,,,0,1
11761,1,,1,0,0
11764,,,,0,0.1428571
11765,1,1,1,0,1
11766,0,0,0,0,1
11767,1,1,1,0,1
11768,,0,1,0,0
11769,,0,0,0,0
11770,,,,0,0
11771,0,,,0,0
11773,,0,1,0,0.5
11774,,,,0,0
11775,,,,0,1
11776,0,0,0,0,0.2
11777,1,,,0,0.09090909
11778,0,0,0,0,0
11779,,,,0,0.2
11782,0,,,0,0.3333333
11783,0,0,0,0,0.08333334
11784,1,0,0,0,0
11785,,0,0,0,0.1428571
11786,0,0,0,0,0
11787,0,,,0,0
11788,0,,,0,0.08333334
11789,,,,0,1
11790,,0,,0,0
11791,,,,0,0
11792,0,,,0,0.25
11793,,,,0,0
11794,,0,,0,0.3333333
11795,0,0,0,0,0
11796,1,0,1,0,0
11797,1,1,0.5,0,0
11798,0,0,0,0,0
11800,0,0,,0,0
11801,,,,0.3333333,0
11802,0.5,,,0,0.08333334
11803,0,0,0,0,0
11804,0,0,0,0,1
11805,1,1,1,0,0
11806,1,0,,0,0
11807,0,,,0,0
11808,,,,0,0
11810,0,0,,0,0.25
11811,0,0,0,0,0
11812,,,,0,0
11813,1,,,0,0
11815,,,,0,0
11816,0,,,0,0.09090909
11817,0,0,0.5,0,0
11819,,0,,0,0
11820,0,0,0,0,0
11821,0,1,1,0,0.05263158
11822,0.5,,,0.5,0
11823,0,,,0,0
11826,,1,,0,1
11827,1,,,0,0
11828,1,,,0,0
11832,0,0,0,0,0
11833,0,,0,0,0
11834,1,,1,0,0
11835,0,0,0,0,0
11836,0,,,0,0
11837,0,,,0,0
11838,0,0,0,0,0.1428571
11839,0,,0,0,0
11840,1,0,1,1,0.3333333
11841,,0,0,0.5,0.1428571
11842,1,0,1,0,0
11843,1,,,0,0.5
11844,0,0,0,0,0
11845,1,0,1,0,1
11848,0.5,0,,0,1
11849,0,0,0,0,0
11850,,1,,0,0
11851,,,,0.5,0
11853,,,,0,0
11854,,1,1,0,0
11855,0,0,0,1,0
11856,0,0,0,0,0.1666667
11857,,,,0,0
11858,1,0,1,0,0
11859,1,1,1,0,0.09090909
11860,0,0,0,0,0.5
11861,,,,0,0
11863,,0,1,0,0.5
11864,,,,0,0
11865,,0,,0,0.5
11866,,,,0,0
11867,0,,,0,1
11869,,,,0,0
11870,,1,,0.3333333,0.09090909
11871,0,,,0,1
11872,,0,,0,0
11874,0,0,0,0,0
11875,,,,0,0
11876,,0,,0,0.1428571
11878,1,0,1,0,0
11879,0,,,0,0.07142857
11880,1,0,1,0,0.3333333
11881,0,,0,0,0
11882,0.5,,,0,0
11884,0,1,,0,1
11885,0,0,0,0,1
11886,,,0,0,0
11888,,,,0,0
11889,1,,,0,0.3333333
11890,1,1,1,0,0
11891,1,0,1,0,0
11892,0,,,0,0
11895,,,,1,1
11896,,0,,0,0
11897,0,0,,0,0
11898,0,,,0,0.25
11900,0,0,,0,0
11901,0,,,0,0
11902,0,,,0,1
11903,0,0,0,0,0
11904,,1,,0.3333333,0
11905,0.5,,,0,1
11906,1,0,1,0,0
11907,,,0,0,0
11908,,,,0,1
11909,0,0,0,0,0
11910,1,0,,0,1
11912,0,0,0,0,1
11913,,,,0,0
11914,0,0,0,0,0
11916,,1,1,0,1
11917,,0,1,0,0
11918,1,0,,0,1
11919,,,,0,0
11920,,0,,0,0
11921,,1,,0,1
11922,,0,0,0,0
11924,1,1,1,0,1
11925,,0,1,0,0
11926,,,,0,0
11927,0,0,,0,0
11929,0,,,0,0
11930,1,0,1,0,0
11932,0,0,0,0,0
11933,0,,,0,0
11935,0,0,0,1,0
11936,1,0,1,0,1
11937,0.6666666667,0,1,0,0.5
11938,,1,0,0.3333333,0.07142857
11940,0,0,0,0,0.3333333
11943,1,0,1,0.5,0
11944,0.5,,,0,0.09090909
11947,0,0,0,0,0
11949,,,,0,0
11952,,,,0,0.25
11953,1,,,0,0
11954,,0,,0,0
11955,0,,,0,0.0625
11956,0,0,0,0,0.25
11957,0,,,0,0
11958,0.5,,,0.3333333,0
11959,0,0,0,0,0
11960,1,,,0,0
11961,,,,0,0
11962,,1,,0,0
11963,,,,0,0
11964,0,1,0,0,1
11965,0,0,0,0,0
11966,0,0,,0,0.09090909
11967,0,0,,0,0.3333333
11968,,1,,0,1
11969,0,,,0,0.04761905
11970,,,,0,0.07142857
11971,1,1,1,0,1
11972,,,,0,0
11973,,,,0,0
11974,0,0,,0,0
11975,,0,0,0,0.1666667
11976,0.5,,,0,0.09090909
11977,,1,,0,0.07142857
11978,0,1,,0.2,0
11979,0,,,0,0
11980,0.5,,,0,0.03225806
11981,1,,1,0,0
11982,,0,0,1,0
11983,,0,0,0,0
11984,,0,,0,0
11986,,0,,0,0
11987,0,,,0,0
11988,,0,,0,0
11989,1,1,1,0,0
11990,0,0,0,0,0.04166667
11991,,1,0,0,0
11992,,,,0,1
11993,0,0,0,0.2,0.5
11994,,0,,0,0
11995,0,,,0,0
11997,,0,,0,0
11998,1,1,1,0.3333333,1
11999,0,,,0,0
12000,,,,0,0
12003,0,0,0,0,1
12005,,,,1,0
12006,0.5,,,0,0
12007,0,0,0,0.2,0
12008,1,,,0,0
12009,0,0,0,0,0
12010,0,0,,0,0
12011,1,0,1,1,1
12012,,,,0,0
12013,,1,,0,0
12014,0,0,0,0,0.3333333
12015,0,0,0,0.2,0
12016,0,0,0,0,0
12017,,,,0,0
12018,1,0,1,0,0.04761905
12019,,0,,0,0
12020,0,0.5,0,0,0.09090909
12022,0,0,,0,0
12024,,,,0,0
12025,,1,,1,0
12027,,0,,0,0
12028,,0,0,0,0
12029,0.5,0,0,0.3333333,1
12031,,0,0,0,0
12033,0,0,0,0,0
12034,,0,0,0,1
12035,0,,,0,0
12036,,1,,0,0.1428571
12037,,,,0,0.025
12038,1,0,1,0,0.09090909
12039,,0,0,0,0
12040,0.5,0,1,0,0
12042,1,0,1,0,0
12043,0,0,,1,0
12044,,0,,0,0
12045,,0,,0,0
12046,,0,0,0,0
12047,1,,,0,0
12048,0,,,0,0
12049,1,,,0.3333333,0.02564103
12050,0,,0,0,0.04545455
12051,0,0,1,0,0
12052,0,0,0,1,0
12056,,,,0,1
12057,1,0,1,0,0
12058,,0,,0,0
12059,0,0,0,0,0.06666667
12060,,0,0,0,0.09090909
12061,0,0,0,0.3333333,0
12062,,0,,0,0
12063,0,0,,0,0
12064,1,1,1,0,1
12065,,,,1,0
12067,1,0,1,0.3333333,1
12068,1,0,1,0,1
12069,,,,0,0
12070,0,0,1,0,0.06666667
12072,,,,0.2,0
12073,,,,0,0
12075,1,,1,0,0.09090909
12076,0,1,,0,0.09090909
12079,0,,,0,0
12080,,,,0,0
12081,1,,,0,0
12082,,,,0,0
12083,1,0,,0,0
12084,,0,0,0,0
12087,1,1,1,0,0.3333333
12088,0,0,,0,0
12089,,0,,0,0
12091,1,0,1,0,0.09090909
12092,1,0,1,0,0
12093,0,,,0,0.03030303
12094,1,,,0,0
12095,0,,,0,0
12097,,0,1,0,0.5
12098,0,0,,0,0.5
12099,0.5,,,0,0
12100,0,0,0,0,0.09090909
12102,,1,1,0,1
12103,0,,,0,0
12104,,0,0,0.2,0
12107,0,0,0,0,0
12111,1,0,0,0.5,0.5
12112,0,0,0,0,0.09090909
12113,,0,,0,0
12115,,,,0.5,0
12117,1,1,1,0,0
12118,1,,1,0,0.09090909
12120,0,1,0,0,0
12121,,,,0,0
12122,0,,,0,0
12123,,0,0,0,0
12124,0,1,0,0,0
12125,0,,,0,0
12126,1,,,0,1
12127,0,0,0,0,0.05263158
12128,,0,0,0.5,0
12129,0,0,,0,1
12131,,0,0,0,0
12132,0,0,0,0,0
12133,,0,,0,0
12134,0,,,0,1
12136,1,1,1,0,1
12137,0,,,0,0
12138,0.5,,,0,0
12139,,0,,0,0
12140,1,,1,0,1
12141,,,,0,0
12142,0,0,0,0,0
12144,,,,0,0
12145,,0,,0,0
12146,,0,,0,0
12148,0.5,0,1,0.5,0.09090909
12149,,0,,0.25,0
12151,0,0.5,0,0.25,0.09090909
12152,0,,,0,0.2
12153,,0,,0,0
12154,0.5,0,0,0,0.09090909
12155,0,0,0,0,0.125
12156,1,,,0,0.5
12157,0.5,,,0,1
12158,,0,,0,0
12160,1,0,1,0,0.03703704
12161,1,1,1,0,0.08333334
12162,1,0,1,0,0
12163,,,0,0.5,1
12165,,,,0,0
12166,0,0,0,0,0
12167,1,0,0.5,0,0
12168,,1,,0,1
12170,,,,0,0.125
12171,,,,0,0
12172,,,,0.2,0.1666667
12173,1,,1,0,0.25
12174,,,,0.2,0.1111111
12175,0,1,1,0,1
12176,0,0,0,0,0
12178,,0,0,0,0.1
12179,1,1,1,0,0
12180,1,1,1,0.3333333,0
12181,,,,0,1
12182,,,,0,1
12183,0,,,0,0
12184,1,0,1,1,0.08333334
12185,,,,0,0
12187,,,,0,0
12188,1,,,0,0.2
12189,0,1,0,0,0
12190,1,0,1,0,1
12191,1,0,1,0,0.25
12192,,,,0,0.03448276
12193,1,0,0,1,0.5
12194,1,0.5,1,1,0
12195,1,,,0,0
12197,0,0,,0,0
12199,0,0,0,0,0
12200,0,,0,0,0
12201,,0,0,0,1
12202,1,0,1,0,0
12203,1,1,1,0,0
12204,1,1,1,0,1
12205,,0,,0,0
12207,,1,1,0,1
12208,,,,0,1
12209,,0,0,0,0
12210,,,,0,0
12212,,,,0,0
12213,1,1,1,0.5,1
12214,,1,,0.5,0
12215,0,,,0,0
12216,0,0,0,0,0
12218,0,,0,0,0
12219,1,1,1,0,1
12221,0,0,0,0,1
12222,0,,,0,0.09090909
12223,0,0,0,0,0
12224,,0,0,0.3333333,0
12225,,1,1,0,0
12226,0,,,0,0
12227,1,0,1,0,0.2
12228,,1,1,0.2,0.2
12229,1,0,,0,0
12230,0,0,0,0,0
12231,,,,0,0
12232,0,,,0,1
12233,,,,0,0
12234,0,,,0,0
12235,0,0,0,0,0.5
12236,0,,,0,0
12237,0,0,0,0,0
12238,,,,0,0
12239,1,1,1,0,1
12240,,,,0,0
12241,,0,,0,0.1666667
12243,,0,0,0,0.2
12244,0,0,,1,0.5
12245,1,1,,0,0.07142857
12246,0,0,0,0,0
12247,0,,,0,0
12248,,,,0,0
12249,,0,,1,0
12250,0,0,0,0,0
12252,0,0,0,0,0
12253,0.5,,,0,0
12256,0,0,0,0,0.3333333
12257,1,,,0,1
12258,0,0,1,0,0
12259,0,,,0,0
12260,0,1,1,0,1
12261,,,,0,0
12262,1,,,0,1
12264,0,,,1,0.09090909
12265,,0,,0,0
12266,,0,,0,0
12267,0,,,0,0
12268,0,,,0,0
12269,0,0,0,0.3333333,0
12271,,1,,1,1
12273,0,,,0,0.5
12274,,0,,0,0
12275,1,0,0,1,0.09090909
12276,,0,,0,0
12277,0,0,,0,0
12278,0,0,0,0,0.5
12280,1,1,1,0,0
12281,0,,,0,0
12283,1,0,1,1,0
12285,0.5,,,0,0
12286,0,,0,0,0
12287,0,,0,0,0
12288,0,0,0,0,1
12291,1,0,1,0,0
12292,1,1,1,0,0
12293,,,,0,1
12294,1,,,0,0
12295,0.3333333333,,,0,1
12297,0,,,1,1
12299,0,1,,0,1
12300,0,0,,0,0
12301,,,,0,0
12303,0,,,0,0.3333333
12304,0,0,0,0,0.5
12305,,,,0,0
12306,0,,0,0,0.09090909
12308,0,,0,0,0
12309,,0,,0,0
12310,,0,0,1,0.5
12311,,0,,0,0.2
12312,,,,0,0.5
12313,0.5,1,0,0,0.08333334
12314,0,,,0,0.04545455
12315,,0,0,0.5,0.25
12316,,,,1,0
12317,1,0,0,0,0
12320,,1,1,0,1
12321,1,0,1,0,0
12322,,,,0,0.1428571
12323,,,,1,0
12325,,,,0,0.09090909
12326,0,0,0,0,0
12328,,0,,0.5,0.09090909
12329,1,0,1,0,0
12330,0,0,0,0,0
12332,,,,0,0
12333,,,,1,0
12334,0,,,0,0
12335,0,1,1,0,0.07692308
12336,1,,1,0,0.07692308
12337,,,,0,0
12338,,,,0,1
12339,0,0,0,0.3333333,0
12340,0,0,0,0,0
12341,,,,0,0.3333333
12343,1,0,1,0,0
12345,,0,0,0,0
12348,0,0,0,0,1
12349,0,0,0,0.2,0.1111111
12350,,,,0,0
12351,0,1,0,0,0
12352,,,,0,0
12353,1,0,1,0,0
12354,0,0,0,0.2,0
12355,0,,,0,1
12356,,,,0,0
12357,1,,,0,1
12358,0,1,0,0,0
12359,,0,1,0,1
12360,1,,,0,1
12361,0.5,0.5,,0,0.09090909
12364,,0,,0,0
12365,,0,,0,0
12368,1,0,0.5,0,0.09090909
12369,,,,0,0
12370,,,,0,0
12371,,,,0.3333333,0
12372,,,,0,1
12373,1,0,1,0,0
12374,0,,,0,0
12375,0.25,0,1,0,0.2
12376,0,,,0,0
12377,0,0,0,0,1
12378,,0,,0,0
12379,0,,,0,1
12380,,1,,1,0.09090909
12381,1,1,1,0,1
12382,,0,1,0,0.03571429
12383,1,,,0,1
12384,0,0,0,0,0
12386,0,0,0,0,0
12387,,,,0,0
12388,0,0,0,0,0
12389,0,,,0.5,0.1111111
12390,0,,,0,0
12391,,,,0,0.09090909
12392,0,0,0,0,0
12393,,,,0,0
12394,,1,,0,0.25
12395,,,,0,0
12396,0,1,0,0,0
12397,0,0,0,0,0.25
12398,0,,0,0,0
12399,1,0,1,0,1
12400,1,0,,0,0.09090909
12401,1,0.5,1,0,0.5
12402,0,,,0,0.5
12403,0,,,0.5,0
12405,0,,,0,0.04761905
12406,0.5,1,1,0,1
12407,1,,,0.5,0
12408,,,,0,0
12410,0,,,0,0
12411,1,,1,0,1
12412,0,,,0,0.08333334
12413,0,,,0,0
12414,,,0,0,1
12415,,,,0.25,0
12416,0,0,0,0,0
12417,1,1,1,0,1
12419,1,0,1,0,0.3333333
12420,,,,0,0
12421,,,,1,0
12422,1,0,1,0,0.09090909
12423,1,1,1,0.25,0.2
12424,1,0,1,0,0
12425,,0,,0,0
12426,1,0,1,0,0
12427,,,,0,0
12428,1,0,1,0,0
12429,0.5,,,0,1
12430,1,1,1,0.5,0
12431,0,,,0,0
12432,,0,,0,0
12433,,0,,0,0
12434,1,0,1,0.5,0.09090909
12435,0.5,,,0,1
12436,1,0,,0.5,0
12437,1,0,1,0,1
12438,1,0,1,0.3333333,0.09090909
12439,,,,0,0
12440,0,0,1,0,0
12441,0,,,0,0.08333334
12442,1,0,1,0,0
12443,1,0,1,0,0
12444,,1,,1,1
12445,0,1,0,0,0
12446,,0,,0,0
12447,1,1,1,0,0.3333333
12448,,,,0,0
12449,0,1,0,0,0
12450,,,,0,0.05882353
12451,0,0,,0,1
12452,,,,0,0
12453,1,0,1,0,0
12454,1,0,1,0,0
12455,0,0,0,0,0
12456,,,,0,0
12457,1,,1,0.2,0
12458,,0,,0,0
12459,1,,,0,0
12460,1,0,1,1,0
12461,1,0,1,0,0
12462,0,0,,0,0.5
12463,0,0,1,0,0
12464,1,,,0,0
12465,1,0,1,0,0.3333333
12466,,,,0,1
12467,,,,0,1
12468,,,,0,0
12469,0,1,1,0,1
12470,1,,1,0,0
12471,0.5,0,0,0,0
12472,0,0,0,0,0
12473,0,,,0.2,0.09090909
12474,1,0.5,1,0,0.09090909
12475,1,0,1,0,0.09090909
12476,,0,,0,1
12477,0,,,0,0
12478,0,,,0,0
12479,1,1,,0,0
12480,1,,,0,0.04761905
12481,0,,,0,0
12482,1,0,1,0,0
12483,1,0,1,0,0.08333334
12484,,,,0,0
12485,,0,0,0,0
12486,0,,,0,0
12487,0,,,0,0
12488,,,,0,0
12489,,0,,0,0.25
12490,0,,,0,0
12491,,,,0,0
12492,0,,,0,0.04761905
12493,,,,0,0
12494,1,0,1,0,0.0625
12495,1,1,1,0,0
12496,0,0,0,0,0
12497,,,,0,0
12498,1,0.5,1,0,1
12499,,0,0,0,0.5
12500,0,0,0,0,0
12501,1,0,,0,1
12502,0,0,0,0,0
12503,1,,,0,0.08333334
12504,1,1,1,0,1
12505,1,1,1,0,0
12506,0,0,0,0,0
12507,,0,1,0,1
12508,1,1,1,0,0.08333334
12509,0,0,0,0,0.08333334
12510,0,,,0,0.09090909
12511,0,,,1,0
12512,1,,1,0.5,0
12513,0.5,0,,0,0
12514,0,0,0,0,0.09090909
12515,0,,,0.2,0
12516,0,,,0,0
12517,,,,0,0
12518,0.5,0,1,0,1
12519,1,,,0,0
12520,1,,,1,0.09090909
12521,,,,0,0.04761905
12522,,,,0,0
12523,0,1,1,0,1
12524,,,,0,0.08333334
12525,,,,0,0
12526,0,,,0,0
12527,1,0,0.5,0,0
12528,0,0,0,0,0
12529,0.5,0,1,0,0
12530,1,0,0.5,0,0
12531,,,,1,0.25
12532,1,0,,0,0.09090909
12533,1,,,0,0.1428571
12534,,0,,0,0
12535,0,0,0,0.2,0
12536,1,1,1,0,0
12537,,,,1,0
12538,0,0,0,0,0
12539,,0,0,0.3333333,0
12540,0,0,0,0,0
12541,,,,0,0
12542,0,0,0,0,0
12543,1,0,1,1,1
12544,1,1,1,0,1
12545,1,1,0,1,1
12546,,0,1,0.5,1
12547,,0,1,0,0.07142857
12548,0,0,0,0,0
12549,,0,,0,0
12550,1,1,1,0.5,1
12551,0,,,0,0.09090909
12552,,0,,0,0.125
12553,,,,0,0
12554,1,1,1,0,1
12555,0,1,1,0,1
12556,0.5,,1,0,1
12557,1,1,1,0,0
12558,0,0,0,0,0.08333334
12559,,,,0,0.3333333
12560,0,,,0,0
12561,,0,0.5,0,0.25
12562,1,0,1,0,1
12563,1,1,1,0,0.3333333
12564,0,,0,0.5,0.04761905
12565,1,,,0,0.05555556
12566,,0,0,0,0.5
12567,0,,,0,0
12568,1,1,1,0,0
12569,1,0,1,0.5,1
12570,0,1,1,1,1
12571,,1,,0,1
12572,1,0,1,0,1
12573,0.5,0,0,1,0
12574,0.5,1,1,0,0
12575,0,1,0,0.5,1
12576,1,1,1,1,0.2
12577,0,1,,0,0.3333333
12578,,,,0,0
12579,0,1,,0,0.3333333
12580,1,0,,0,1
12581,0,0,0,0,0.1666667
12582,0,,0,1,1
12583,0,,,0,1
12584,0,,,0,0
12585,,1,,0.5,0.05882353
12586,1,,,0,1
12587,1,0,1,0,1
12588,1,,,0,0
12589,1,0,1,0,0
12590,0,,,0,0
12591,1,1,,0,1
12592,,,,0.5,0.04545455
12593,1,0,1,0,1
12594,0.5,,1,0,0.09090909
12595,,0,,0,0
12596,0.6666666667,1,1,0,0.3333333
12597,0.5,0,0,1,1
12598,1,,,0,1
12599,0.5,0,0,0,0.0625
12600,1,0,1,0,0
12601,,,1,0,0
12602,1,0,1,0,0
12603,1,,,0,1
12604,0.3333333333,1,1,0,1
12605,1,,,0,0
12606,1,1,1,1,0.25
12607,0,1,0,0,0
12608,,,,0,0
12609,,,,0,0
12610,0,0,0,0,0.04545455
12611,1,,,0,0.03125
12612,0.5,1,1,0,0
12613,0.5,,,0,0
12614,,0,0,0,1
12615,0,,,0,0
12616,,,,0,1
12617,1,0,1,0,0.09090909
12618,0,,,1,0
12619,1,0,1,0,0
12620,0,,,0,0
12621,0,1,0,0,0
12622,,0,0,0,0
12623,,,,0,0
12624,,,,0,0
12625,0.5,0,0,0,0.06666667
12626,,0,,1,1
12627,,0,0,0,0
12628,0,,,0.5,0.09090909
12629,,,,0,0
12630,0.5,0,0,0,0.04347826
12631,,0,1,0,0.09090909
12632,,,,0,0.07692308
12633,1,1,1,0,1
12634,0,0,0,0.2,0
12635,1,,,0,0
12636,0,0,0,0,0
12637,1,1,1,0,0
12638,0.5,,,0,0.09090909
12639,,0,,0,0
12640,,1,,0,1
12641,0.5,1,1,0,0
12642,1,0,1,0,0
12643,0,,,0,0
12644,,1,1,1,0.09090909
12645,0,0,0,0,1
12646,,0,,0,0.09090909
12647,0,0,0,0,0
12648,1,0,1,0,0
12649,0,,,0,0.09090909
12650,0,0,,0,0
12651,,,,0,0.5
12652,,,,0,0
12653,,0,0,0.5,0
12654,,,,0,1
12655,,,,0,0
12656,,,,0,0
12657,,0,,0,0
12658,0,,0,0.3333333,0
12659,0,,,0,0
12660,0,,,0,0
12661,0,,0,1,0
12662,,,0,0,0.5
12663,,0,,0,0
12664,0,,,0,1
12665,,,,0,1
12666,0,,,0,0
12667,1,1,1,0,1
12668,,,,0,0
12669,0,,,0,0
12670,1,1,,0,0
12671,0.5,,,0,0
12672,0,,,0,0
12673,,1,0,0,1
12674,1,0,,1,0
12675,,,,0.3333333,0.02439024
12676,0,1,0,0,0
12677,0,,,0,0
12678,1,1,,0,1
12679,1,0,1,0.3333333,0
12680,0,0,,0,0
12681,0,,,0,0
12682,,,0,0,0
12683,,,,0,0.04761905
12684,1,,,0,0
12685,,,,0,0.5
12686,1,0,1,0,0.09090909
12687,1,0,1,0,1
12688,0,0,,0,0
12689,,,,0,0
12690,,,,0,1
12691,1,1,1,0,0.09090909
12692,1,0,1,0,1
12693,,,,0,0
12694,0,1,0,0,0
12695,,0,0,1,1
12696,,0,,0,0
12697,0,1,0,1,0
12698,1,,,0,0
12699,,,,0,0
12700,,,,0,0.04761905
12701,1,0,1,0,0.06666667
12702,,,,0,0
12703,1,1,1,0,1
12704,1,,,0,0
12705,,,,0,0
12706,,,,0,0
12707,0,0,0,0,0
12708,0,0,0,0,0
12709,0,0,0,0,0
12710,1,,1,0,0
12711,,,,0,0
12712,,0,0,0,0
12713,1,0,1,0,0
12714,,,,0,0
12715,0.5,,,0,0.04761905
12716,,0,1,0,1
12717,0,,,0,0.03703704
12718,,,,0,0
12719,1,0,0,0,0
12720,,,,0,0
12721,,1,,0.2,1
12722,0,0,0,0,1
12723,0,0,0,0,0
12724,1,0,1,0,0
12725,0,0,0,0,1
12726,0,1,0,0,1
12727,0,1,0,1,1
12728,1,1,1,1,1
12729,1,0,1,0,1
12730,0,0,,0,0
12731,0,,,0,0
12732,0,0,1,0,0
12733,0,0.5,0,0,0
12734,0.5,1,1,0,1
12735,,,,0,0.1666667
12736,0,,,1,1
12737,,0,1,0.3333333,0
12738,1,1,1,0,0.03225806
12739,1,1,1,0,1
12740,1,,1,0.2,0
12741,,1,,1,0
12742,1,0,1,0,1
12743,,0,,0,1
12744,0,1,1,0,1
12745,,0,1,0,0
12746,,1,,0,0
12747,1,0,1,0,1
12748,,,,0,0.5
12749,,0,,0,0.09090909
12750,,,,0,0.3333333
12751,0.6666666667,0,1,0,0
12752,0,0,0,0,0
12753,,,,0,0
12754,,,,0,0.3333333
12755,0,0,1,0,0
12756,,,,0.5,0
12757,0,0,0,0,0
12758,1,0,1,0,0
12759,,0,0,0,0
12760,1,,,0,1
12761,1,0,1,0,0
12762,0,,,0,0
12763,,0,,0,0
12764,,0,1,0,0
12765,1,,,0,0
12766,,,,0,1
12767,1,,0,0,0.5
12768,1,1,1,0,1
12769,0,0,0,0,0
12770,1,0,1,0,0
12771,0.5,0,0,0,0
12772,,,,0,0
12773,0.5,1,1,1,1
12774,1,1,1,0,0
12775,1,1,1,0,0
12776,1,1,0,0,0.09090909
12777,0,0,0,0,0
12778,1,,,0,0
12779,1,0,1,0,0
12780,1,0,1,0,0
12781,0,,0,1,0.2
12782,,0,,0,0
12783,0,0,0,0,0
12784,1,,,0,0.09090909
12785,1,1,1,0,1
12786,0,,,0,0
12787,1,1,1,0,0
12788,1,1,1,0,0.09090909
12789,1,0,,0.5,0
12790,0,,,0,0
12791,1,1,1,0,0.09090909
12792,,,,0,0
12793,1,,,0,1
12794,,0,,0,0
12795,1,1,1,0,1
12796,0,,,0,0.07142857
12797,1,0,1,0,0
12798,,0,,0,0
12799,,,,0,0
12800,1,1,1,0,0.07692308
12801,,,,0,0
12802,0,0,0,0,1
12803,0,0,,0,0.04545455
12804,,,,0,0
12805,0.5,0.5,0.5,0,0.03333334
12806,1,,,0,0
12807,,,,0,0.03846154
12808,,,,0,0
12809,1,1,1,0.5,0
12810,,1,,0,1
12811,1,,,0,0.1
12812,,,,0,0.09090909
12813,0.5,0,0,0,0.04761905
12814,0,,,0,0
12815,,,,0,1
12816,,0,,0,0
12817,,0,0,0,0
12818,1,0,1,0,1
12819,1,0,1,0,0
12820,0.5,,,0,0.06666667
12821,,,,0,0
12822,1,1,1,0.3333333,0
12823,1,,1,0,0
12824,,,,0,0
12825,,0,0,0,0
12826,1,1,1,0,0
12827,,0,0,0,0
12828,0,0,0,0,0
12829,,,,0,0
12830,0,0,0,0,0
12831,0,1,0,0,0
12832,0,,,0,1
12833,1,1,1,0.2,0.3333333
12834,1,0,1,0,0
12835,,,,0,0.5
12836,0.6666666667,0,1,0,0
12837,,,,0,0
12838,,1,1,0.2,0
12839,0,,,0,0.09090909
12840,1,0,1,0,1
12841,1,1,1,0,1
12842,1,,,0,1
12843,1,,1,0,1
12844,1,,1,0,0
12845,1,,,0,0.09090909
12846,1,1,1,0,1
12847,1,0,1,0,0
12848,0,,,0,0.0625
12849,,0,,0,0
12850,0,0,1,0,0
12851,0,0,0,0,0
12852,0,0,0,0,0.1
12853,0,0,0,0,0.08333334
12854,,,,0,0
12855,,,,0,0
12856,1,0,0,0,0.09090909
12857,,,,1,0
12858,,,,0,0
12859,1,,,0,1
12860,0,0,0,0,0
12861,,,,0,0
12862,1,,,0,0.5
12863,0,,0,0,0
12864,,0,0,0,0.09090909
12865,0,0,0,0,1
12866,,,,0,1
12867,,0,,0,0
12868,,,,0.25,0
12869,1,,,0,1
12870,,,,0,0
12871,0,,,0,0
12872,0,,,0,0
12873,1,,1,0,0
12874,1,,,0,0.3333333
12875,0,0,0,0,0.04761905
12876,0,,,0,1
12877,0,,,0,0
12878,,,,0,0.06666667
12879,1,,1,0,1
12880,1,0,1,0,0
12881,0,0,0,0,0
12882,0.5,0,1,0,1
12883,1,1,1,0,0
12884,,0,,0,0
12885,0,0,0,0,0
12886,0,,,0,0
12887,1,1,,0,0
12888,0,1,0,0,1
12889,,0,0,1,0.09090909
12890,0.3333333333,1,1,0,0.04166667
12891,,0,0,0,0
12892,,,,0,0.07692308
12893,1,1,1,0,1
12894,0.5,1,1,0,1
12895,1,,1,0,1
12896,1,0,1,0,0
12897,0.5,1,1,0,1
12898,,0,0,0,0
12899,1,0,1,1,0.07692308
12900,0,,,0,0
12901,0,0,0,0.3333333,0
12902,1,,,0,0
12903,,,,0.2,0
12904,,,0,0,0
12905,1,1,1,0,1
12906,0.5,1,0,0,0
12907,,1,,0,0
12908,0.5,1,1,0,0
12909,1,0,1,0,0.09090909
12910,1,1,1,0,1
12911,1,0,1,0,0.07142857
12912,1,1,1,0,0.1666667
12913,,,,0,0.3333333
12914,,,,0,0
12915,0,0,0,0,0.3333333
12916,,0,1,0,0.3333333
12917,,,,0,0
12918,,,,0,0.09090909
12919,,,,0.5,0
12920,,0,1,1,0
12921,,,,1,0
12922,1,0,1,0,0
12923,1,0,1,0,0
12924,0,,,0,1
12925,1,,,0,0
12926,1,1,1,0,1
12927,,,,0,0
12928,,0,,0,0
12929,1,,,0,0.09090909
12930,,,,0.25,0
12931,1,,,0,0
12932,0,0,0,0,0
12933,1,,,0,0
12934,,,,0,0
12935,0,0,0,0,0.1666667
12936,,,,0,0
12937,0,0,,0,0.09090909
12938,,1,,0,0
12939,0,,,0,0.08333334
12940,0,0,,0,0.3333333
12941,,,,0,0
12942,,0,0,0,0
12943,,,,0,0
12944,,,,0,0
12945,,,,0,0
12946,1,0,1,0,1
12947,0,,,0,0.09090909
12948,0,1,,0,0
12949,0,,,0,0
12950,,,,0,0
12951,1,0,1,0,0
12952,1,0,1,0,0
12953,0.5,1,1,0,0
12954,0,0,0,0,0
12955,0,0,0,0,0
12956,,,,0,0
12957,,0,,0,0
12958,0,0,0,0,1
12959,0,0,1,0,1
12960,,,,0.5,0
12961,1,,1,0,0
12962,,,,0,0.04761905
12963,0.3333333333,,,0,0
12964,0,0,,0,0
12965,1,0,0,0,0.09090909
12966,0,0,0.5,0,0
12967,1,1,1,0,0
12968,,,,0.25,0
12969,0,0,0,0,0
12970,,0,,0,0
12971,0.5,1,,0,0.5
12972,0.6666666667,0,1,0,0.25
12973,0,0,0,0,0
12974,,0,,0,0.5
12975,1,0,1,0,0
12976,0.3333333333,1,1,0,1
12977,1,,,0,0
12978,,1,1,0,0
12979,0,,,0,0
12980,0,,,0,0
12981,,,,0,1
12982,0,1,0,0,1
12983,0,0,0,0,0
12984,0,0,0,0.3333333,0
12985,,0,,0,0.08333334
12986,1,,,0,0
12987,1,0,0,0,1
12988,,,,0,1
12989,0,,0,0,0
12990,1,0,1,0,0
12991,1,0,1,0,0
12992,0,,,0,0.02941176
12993,,,,0,1
12994,,0,,0,1
12995,1,,,0,1
12996,,,,0,0.04761905
12997,,,,0,1
12998,1,0,,0,1
12999,,0,,0,0
13000,,,,0.5,0.03225806
13001,0,0,0,0,0
13002,1,0,1,0,0.1666667
13003,0,,1,0,0
13004,0,0,0,0,0
13005,1,0,1,0,1
13006,,,,0,0
13007,0,0,0,1,1
13008,0.5,1,1,0,0.05555556
13009,,0,,0,0
13010,,1,,0,1
13011,1,,,0,0.04545455
13012,1,1,1,0,1
13013,,,,0,0
13014,1,0,1,0.25,0
13015,0,,,0,0
13016,0,,,0.3333333,0.03225806
13017,1,1,1,0,0
13018,1,,1,1,1
13019,,0,,0,1
13020,0.5,,0,1,0
13021,,,,0,1
13022,1,0,1,1,1
13023,,1,1,0.25,0
13024,0,,0,0,0
13025,,,,0,0
13026,1,,,0,1
13027,1,0,1,0,0
13028,0.5,0,1,0,0
13029,,,,0,0
13030,1,0,1,0,1
13031,0,1,0,0,0
13032,,,,0,0
13033,,,,0,1
13034,0,0,0,0,0
13035,1,,,0,0.02439024
13036,,,,0,0
13037,1,0,1,0,0
13038,0,0,0,0,0
13039,,,,0,0
13040,,0,1,0.5,0
13041,0,,,0,0.08333334
13042,1,,,0,0.09090909
13043,1,,,0,0
13044,,,,1,0
13045,0.5,,1,0,0
13046,1,1,1,0,1
13047,,0,,0,1
13048,,,,0.5,0.04761905
13049,,,,0,0
13050,1,1,1,0,0
13051,0,,,0,0.08333334
13052,1,0,0,0,0.5
13053,,,0,0,0
13054,,1,,0,1
13055,,,,0,0
13056,1,,,0,0
13057,0.5,0,0.5,0,0
13058,,0,,0,1
13059,,0,1,0,0
13060,0.5,0,,0,0
13061,1,1,1,0,1
13062,1,0,1,0,1
13063,0,1,1,0,1
13064,0,,,0,1
13065,1,1,1,0.5,0
13066,1,,,0,0.3333333
13067,1,1,,0,0
13068,,0,,0,1
13069,,1,,0,1
13070,0,0,0,0,0
13071,,0,0,0,0.0625
13072,,,,0,0
13073,0.5,0,,0,0.04761905
13074,1,1,1,0,0.08333334
13075,,,,0,0
13076,1,0,1,0.5,0
13077,,1,,0,1
13078,1,0,1,0,1
13079,1,0,1,0.5,0
13080,0,1,1,0,0.5
13081,0,0,0,0,0
13082,0,0,0,0,1
13083,,,,0,0.07692308
13084,1,0,1,0,0.5
13085,0,0,0,0,1
13086,1,1,1,0,1
13087,,0,1,0,0
13088,0,,,0,0
13089,,0,,0,0
13090,0,,,0,0
13091,1,0,1,0,1
13092,1,1,1,0,1
13093,,0,,0,0
13094,,0,1,0,0
13095,,,,0,0
13096,1,,,0,1
13097,1,0,1,0,0
13098,1,0,1,0,0.08333334
13099,,,,0,0
13100,1,1,1,0.25,0
13101,,0,,0,0
13102,0,0,0,0,0.09090909
13103,,0,,0,0.09090909
13104,0,,,0,1
13105,0,1,,0,1
13106,0.5,0,0.5,0,0
13107,1,1,1,0.5,1
13108,1,1,1,0.25,1
13109,,,,0,0
13110,,,,0,0
13111,0,0,0,0.2,0
13112,1,0,1,0,0
13113,,,,0,0
13114,1,,,0,0.09090909
13115,0,0,0,0,1
13116,0,,,0,0
13117,1,0,1,0,0
13118,0,0,0,1,0.08333334
13119,,1,1,0,1
13120,,0,,0,0
13121,,0,,0,0
13122,,,0,0,0.09090909
13123,,,,0,0
13124,,0,,0,0
13125,0,1,,0,1
13126,,,,0,0
13127,,,,0,0
13128,1,,0,0,0
13129,0.5,1,1,0,0
13130,1,1,1,0.3333333,0
13131,0,,0,1,0
13132,1,1,1,0,0.5
13133,,0,,0,0
13134,1,1,,0,0
13135,1,,,0,0
13136,0,,,0,0
13137,0.5,0,1,0,0
13138,,0,,0,0.09090909
13139,1,1,1,0.25,0
13140,,,,0,0
13141,1,0,1,0.5,0.09090909
13142,,,,0,0
13143,,0,,0,0.1666667
13144,,0.5,1,0,0
13145,0,,,0,0.09090909
13146,0,,,0,0.3333333
13147,0,,,0,0
13148,,0,,0,0
13149,0.5,,,0.5,0.5
13150,,0,0,0,0
13151,,,,0,1
13152,,,,0,0
13153,1,0,1,0,0
13154,0.3333333333,0,1,0,0.09090909
13155,,1,1,0,0
13156,0.5,,,0,1
13157,,0,0.5,0,1
13158,0,0,,0,0
13159,0,,,0,0
13160,0,0,0,0,1
13161,1,,,0,1
13162,1,0,1,0,0
13163,1,0,,0,1
13164,,,,0,0
13165,0.5,,1,0,0
13166,0.5,,,0,0
13167,,1,,0,0
13168,1,0,1,0.5,0.08333334
13169,,0,,0,0
13170,1,,,0,0.09090909
13171,1,0,1,0,0.04761905
13172,0,0,0,0,0
13173,,0,,0,0.5
13174,0,1,1,0.3333333,0
13175,0,,,0,0
13176,,,,0,0
13177,1,1,1,0,0.3333333
13178,0,0,0,0,0
13179,1,1,1,1,1
13180,0,,0,0,0.08333334
13181,0,0,0,0,0.05555556
13182,,0,,0,1
13183,,,,0,1
13184,1,0,1,0,1
13185,,1,1,0.5,0
13186,,,,0,0
13187,,,,0,0
13188,1,1,1,0,0
13189,0,0,,0,0
13190,,0,0,0,0
13191,1,,,0.5,1
13192,0,,0,0,0
13193,0,0,0,0,0
13194,1,0,1,0,0
13195,1,,,0,0
13196,0,,,0,0.07692308
13197,1,,1,0,0
13198,,,,0,0
13199,1,,,0,0
13200,0,0,,0,0
13201,0,,,0,0
13202,,,,0,0
13203,0,0,1,0,0
13204,,,,0.5,0
13205,0,0,0,0.5,0
13206,1,1,1,0.5,1
13207,1,,,0,0
13208,,0,,0,0
13209,0,0,,0,0
13210,1,0,1,0,0.09090909
13211,1,,,0,1
13212,,,,0,0.5
13213,0,0,0,0,0.5
13214,,0,,0,1
13215,0,,1,0,0
13216,1,1,1,0,1
13217,,1,,0,0
13218,0,0,0,0,0
13219,1,,1,0,1
13220,,0,0,0,0
13221,0,,,1,0.09090909
13222,,0,0,0,0
13223,,1,,0.25,0
13224,1,,,0,0
13225,1,,,0,0.3333333
13226,1,,,0,1
13227,1,0,1,0,1
13228,0.5,0,0,0,0
13229,1,,1,0,0
13230,0,0,0,0,0
13231,0,0,,0,0
13232,,1,,0,0
13233,,,,0,0.3333333
13234,0,0.5,0,0.5,0.1428571
13235,,,,0,0.04761905
13236,,,,0,0.09090909
13237,1,0,1,0,1
13238,0,1,0,0,0.09090909
13239,1,,,0,0.04761905
13240,0,1,0,0,0.07692308
13241,1,0,,0.2,0.04761905
13242,,0,,0,0.08333334
13243,,0,0,0,1
13244,0,,,0,0
13245,1,1,1,0,0
13246,,0,,0,1
13247,0,1,0,0,0.09090909
13248,1,,,0,0.09090909
13249,0.5,,,0,0
13250,,,,0,0
13251,,0,,0,0.5
13252,,,,0,0
